Gayle,48,93-511451-803425-0
Aileen,55,13-925090-240279-6
Dennis,57,35-073748-410346-3
Julianne,75,62-309593-039697-0
Ena,21,04-170898-948385-3
Noah,21,52-625471-360703-2
Wanda,55,99-653535-637250-9
Wallace,34,78-363330-448746-6
Sheila,19,62-681360-664562-0
Vern,28,91-613463-287996-1
Lucinda,71,68-805334-608920-2
Hugh,46,94-264941-967968-8
Greg,71,13-892377-916164-3
Darwin,39,75-596133-161481-8
Marisol,41,63-216429-693923-4
Laron,68,12-191617-699316-1
Salvatore,63,24-767775-249920-0
Frances,27,99-934307-164660-5
Hulda,43,99-167182-592247-8
Giles,78,56-915933-223823-4
Myrna,43,32-197235-347638-7
Angelo,39,12-236137-799266-3
Alfonso,27,67-465306-327428-7
Leola,72,62-466451-218641-1
Norbert,74,93-694836-631273-3
Maureen,31,29-045418-673328-1
Chasity,37,86-918135-301605-6
Novella,52,68-385662-593676-9
Kailyn,38,26-076980-044984-0
Fatima,78,62-067523-435439-6
Jacinthe,36,33-938253-229523-9
Jamil,70,36-370694-977615-0
Jayne,38,26-166448-257060-0
Darron,79,83-490597-752022-2
Kasandra,19,09-562296-247747-4
Chaim,23,24-885803-199166-7
Delaney,79,47-557845-400029-1
Malachi,55,38-011260-950020-5
Opal,58,13-969612-936327-0
Kurtis,46,81-551002-880861-9
Keagan,32,50-540235-865647-6
Ray,27,83-959536-584724-9
Elvie,37,86-632874-383046-3
Cristian,21,81-247849-263616-8
Brigitte,29,72-659991-458039-8
Lance,76,26-790110-495369-7
Cleveland,73,23-168005-370953-1
Wilton,49,34-667911-631332-5
Kaylin,72,51-000270-199840-2
Baylee,27,05-387542-522807-0
Dee,69,50-121739-760335-2
Carolanne,63,33-231565-164820-7
Trent,46,74-545803-616455-6
Isac,36,75-855241-937886-8
Edythe,78,40-622101-928919-0
Cristopher,70,40-766278-037532-1
Alyce,57,85-271134-819173-6
Sarah,37,15-805623-173145-8
Doug,50,61-497804-304970-4
Tom,31,21-106016-041022-0
Anne,61,91-065780-286426-0
Samantha,18,41-694767-326648-2
Margret,39,03-826126-444960-8
Jonathan,72,27-809876-312637-1
Dewayne,71,83-793846-551793-6
Everett,38,53-092833-463475-6
Royal,20,60-020555-253874-5
River,41,28-430586-689069-2
Brionna,76,07-201310-516276-8
Lina,45,80-913619-780659-4
Eugene,40,91-918484-652101-3
Lilliana,57,68-485710-174176-3
Mike,46,75-892374-693614-2
Hortense,51,18-360082-626984-3
Robbie,36,55-018380-090729-5
Jameson,64,46-973202-555772-1
Wendell,71,69-469704-921872-4
Thelma,44,84-456961-267596-1
Curtis,54,72-681521-859898-9
Elmer,19,17-317819-031378-8
Shyanne,25,75-579833-063463-1
Major,63,52-452648-891114-1
Kyra,29,19-410101-702077-9
Roxane,68,94-018131-904808-9
Dewitt,61,58-227000-663435-1
Gussie,50,56-617933-867341-9
Webster,47,93-132978-325360-9
Sage,68,08-794112-001453-6
Lauren,61,13-485847-338021-0
Aiden,60,29-033404-694658-0
Eva,33,32-010547-133670-1
Jeremy,54,38-572089-494200-0
Linda,33,53-019969-262743-2
Noemie,54,29-341016-955381-2
Olaf,57,83-311536-843479-0
Kathlyn,35,56-418470-548843-5
Lyric,77,72-936164-847454-8
Giovanni,79,90-246064-108553-0
Joanie,63,19-315772-478589-9
Grady,69,98-452451-005501-4
Webster,60,28-445801-292759-3
Shemar,28,92-982208-727779-9
Alisha,46,53-797029-497782-8
Augustus,67,80-088887-718148-7
Abdul,44,47-851489-627903-4
Ida,60,75-042427-674461-6
Yvonne,65,25-919556-545550-4
Lesly,56,40-227606-186352-8
Haylie,62,42-995793-375758-9
Ferne,79,27-912287-772495-1
Halle,49,82-746234-250549-5
Dasia,61,84-638288-080538-7
Immanuel,47,01-807295-490082-4
Lavina,19,28-932214-960498-5
Orland,55,64-852524-956664-1
Arnold,73,47-000248-709678-3
Linda,55,90-361503-350900-4
Branson,78,07-952265-942170-4
Kenna,70,04-569356-734515-1
Karlie,76,01-954153-598070-2
Ottis,69,69-040550-621142-0
Mariane,67,38-150308-879482-3
Ansel,35,39-170101-335417-0
Evert,38,37-996314-152885-3
Desiree,50,26-838538-385456-1
Jerrell,40,03-982051-979504-7
Mateo,71,78-916944-789394-2
Kyler,37,66-070591-288838-0
Jimmie,22,82-620364-710391-2
Rickie,28,14-004878-112041-5
Vince,49,06-149022-953996-9
Ramiro,27,47-208571-751942-5
Ocie,59,02-766166-966680-0
Dillan,57,20-924419-404337-1
Jerald,48,30-643831-113909-4
Lou,42,80-485601-727867-5
Allene,22,54-393893-324268-2
Noemi,80,31-250905-225528-1
Arlie,25,85-921761-669043-6
Antone,37,62-257150-507832-7
Johnpaul,22,69-955477-911645-0
Malinda,41,67-371956-922683-1
Kole,72,23-202054-852732-2
Shaun,78,11-993383-252980-4
Ed,28,08-522222-840452-9
Gerard,29,66-648065-920323-5
Furman,56,33-661118-562101-7
Mathias,26,47-851389-802082-6
Adalberto,78,29-078533-838795-9
Norris,49,35-448558-311023-9
Rick,44,45-865487-405648-5
Ludie,23,71-551866-711255-8
Rhianna,48,30-590104-805420-0
Thelma,32,98-220669-050959-6
Peyton,20,64-630480-139950-8
Keyon,38,44-009077-784633-7
Jett,73,27-842048-749332-7
Rosalind,31,49-500945-927666-6
Evan,46,64-296386-528957-6
Fabiola,76,65-041399-733670-4
Preston,52,02-541704-476064-0
Santa,33,19-631874-414894-1
Stella,31,90-987444-582513-6
Daphne,23,14-774868-627973-6
Laurie,48,28-047330-319984-8
Makayla,30,92-930708-959583-6
Andreanne,26,70-441677-322278-8
Treva,79,41-210136-315611-6
Bridgette,66,83-976102-867336-0
Joaquin,21,74-280771-587338-7
Jean,76,75-498119-022619-0
Christ,19,39-093719-428800-8
Orland,43,07-320788-370824-3
Eusebio,60,31-302948-560900-3
Susan,59,60-688318-983350-9
Walter,43,61-388403-141320-2
Naomi,51,73-200147-002877-3
Noemy,22,05-162712-278768-0
Frederik,49,06-163112-962233-6
Alvena,73,70-818824-480048-6
Brandt,33,98-172257-140916-0
Kendra,19,17-171936-785028-4
Dejuan,76,85-080380-319961-9
Hanna,64,03-941401-074711-9
Jarod,64,36-442206-191229-7
Belle,75,48-907749-568493-6
Clementine,31,62-752683-364873-3
Hallie,67,26-526691-220424-2
Einar,78,82-260932-113399-7
Delaney,21,15-551656-411501-0
Misty,33,99-520472-859138-4
Josefina,33,63-383636-084176-3
Cordie,52,19-309485-964842-0
Okey,55,21-714133-519637-5
Tristian,18,43-610301-578393-5
Ernie,74,46-200390-351496-1
Aylin,62,00-124194-999809-9
Lazaro,69,23-832594-514746-5
Isadore,23,96-205706-850851-0
Alanis,41,44-269663-757141-6
Raphael,57,38-215575-180639-9
Suzanne,80,49-673308-734986-3
Cali,34,72-161007-423577-5
Corrine,41,18-235472-872875-0
Nakia,73,28-239253-167296-2
Kendall,33,84-822540-061782-4
Alessandra,29,60-429590-231642-7
Sheila,49,87-725760-609642-4
Toy,54,27-276902-453314-4
Shanie,27,33-415997-404098-3
Shayne,57,23-341604-671824-0
Claudine,52,64-427297-302394-5
Josue,42,11-087160-130663-3
Andy,20,99-247397-410860-6
Henriette,39,56-824357-913283-8
Jayme,43,28-503834-305032-0
Rowan,23,34-727773-685042-7
Ruthie,64,34-982005-284440-5
Beaulah,29,94-481649-972889-5
Dereck,38,60-226050-074306-9
Amy,75,79-748854-893155-3
Gregorio,34,28-882342-454562-0
Danika,41,53-778749-627406-3
Sheila,40,57-628719-756848-5
Vilma,49,18-055069-773170-7
Valentina,25,30-435697-271930-5
Clay,47,49-449071-455547-7
Reinhold,56,72-352375-876583-5
Kristofer,25,83-646980-371848-2
Cory,27,18-528170-252612-3
Noble,26,00-534339-464784-5
Rodrigo,78,10-454329-559976-9
Tyrese,70,92-195325-694377-6
Ola,67,46-195738-807694-8
Dewitt,29,53-429226-186074-4
Britney,74,95-363399-370473-8
Sonny,58,48-332053-545591-7
Jody,73,07-567798-634107-6
Dianna,38,10-859829-857927-1
Viviane,58,57-291279-531355-4
Emory,37,47-279211-913518-5
Lucy,74,04-347991-072369-6
Perry,54,61-851283-895711-4
Presley,43,23-213370-252395-1
Ismael,67,50-352187-799556-0
Louvenia,31,22-872387-441431-4
Alvina,20,77-430584-192205-4
Morgan,30,19-556108-414197-3
Norberto,71,20-447378-308868-8
Jan,26,65-920154-893422-1
Felix,65,97-404118-134787-9
Mertie,71,20-406323-487904-9
Wendell,26,82-723559-434734-9
Eve,64,69-734597-086253-5
Liza,80,57-724181-426235-1
Heaven,76,54-375349-245811-0
Brannon,62,58-696234-724996-6
Pauline,60,02-324454-162415-8
Aniya,59,85-508804-654462-4
Mayra,47,64-081452-563722-9
Orie,38,08-042287-883389-5
Darien,28,92-550306-625719-2
Libby,66,73-161196-278906-1
Elise,46,12-749940-519759-3
Tara,72,72-497404-925113-6
Jeff,26,41-183717-749161-8
John,68,35-581875-325046-9
Cassandra,44,65-947680-634279-2
Ernestina,74,05-636951-372447-8
Floy,20,70-948107-392368-8
Leila,46,05-269821-303646-8
Myron,76,85-137989-849921-3
Linnea,29,38-478660-254426-4
Kirk,25,12-697413-010864-5
Mozell,63,37-779179-034771-9
Orval,21,99-745594-354861-1
Mariano,56,34-252734-954118-4
Danielle,33,91-698395-449037-1
Damion,75,80-652861-954845-2
Alfred,22,29-603202-768814-8
Loyce,73,88-741548-604716-8
Emil,58,67-364192-583184-1
Danial,39,04-726089-580354-7
Kenyatta,66,11-547695-818047-7
Kaleb,50,06-102013-885810-9
Aimee,27,11-250221-855388-1
Gudrun,52,19-643310-366373-5
Werner,74,20-539511-991829-7
Ross,68,85-247100-075420-2
Bethany,70,48-722623-905235-3
Emerson,37,49-245980-781638-7
Brenda,80,93-087951-675710-3
Ricky,39,87-878799-977839-3
Lamar,68,07-151441-872297-5
Lonzo,67,73-848763-595829-9
Murphy,53,79-971414-483338-2
Daphney,40,22-018093-506283-0
Bernhard,42,15-775136-842539-2
Alexandrea,50,53-652114-870679-7
Trevion,24,03-721232-972786-9
Baron,75,77-956997-704513-0
Ashleigh,47,56-798641-135778-8
Vance,67,09-750294-030098-0
Parker,51,02-193532-644395-1
Sheila,59,79-117834-978548-2
Frieda,40,34-235096-925453-7
Maiya,40,89-242233-333458-6
Wyatt,65,33-844390-617124-9
Madge,20,44-894038-791772-4
Tyshawn,26,27-861184-469699-6
Willis,39,06-484886-969190-2
Geovany,75,83-857194-836663-6
Armani,55,72-335290-099143-2
Jude,71,77-501921-366882-8
Collin,53,64-946582-239827-9
Flavie,29,52-989522-695720-2
Emil,54,57-254760-259546-2
Jacques,25,39-460092-826881-3
Preston,21,89-800285-105471-9
Rae,77,82-661256-126178-9
Moises,72,96-453237-519907-8
Monica,74,20-061040-631146-8
Darian,24,47-722700-775824-9
Bria,66,83-203345-417797-8
Cristal,53,87-494781-204251-8
Glenda,66,85-762924-761474-6
Richie,70,22-885800-011085-5
Ardella,40,19-690332-437653-1
Sonia,33,63-092319-019070-3
Aaliyah,76,24-302676-901199-2
Mozell,54,00-503285-799849-4
Savannah,50,41-686202-023454-9
Alden,53,76-176877-514919-9
Easter,29,44-607419-438385-4
Kathleen,74,55-342376-859586-5
Einar,35,99-615746-431390-1
Cyrus,67,58-929693-142919-8
Savannah,65,84-013206-498001-9
Nat,71,43-728750-691697-8
Adriana,35,19-236679-255567-7
Christian,38,44-978623-783009-9
Bridie,51,49-552031-314118-5
Leanne,40,75-563601-709733-6
Ethyl,60,11-007411-065063-9
Josephine,68,05-437818-733480-5
Neal,57,22-829571-516928-2
Sedrick,76,87-542157-289143-0
Burley,75,29-813209-301440-7
Gunner,64,56-487834-901082-4
Melody,24,24-471515-947681-0
Ernestina,27,30-476692-445521-4
Jackie,58,19-325392-166927-3
Zoey,28,59-747951-801970-3
Paula,54,03-002701-004396-3
Efrain,24,94-333904-611691-1
Herta,67,12-725565-546174-5
Hailee,73,30-287977-674119-3
Carmen,39,58-026540-779707-2
Eliseo,60,87-419508-449354-4
Madge,44,77-398345-237412-9
Myrna,26,18-779683-603212-6
Nettie,18,43-296991-682454-7
Cullen,21,82-578631-961004-1
Wendy,68,57-243035-081323-1
Haleigh,23,32-152289-601053-0
Cielo,32,34-977946-091736-1
Gia,50,08-472819-694587-2
Roger,51,55-666552-334258-0
Jazmyne,44,68-685853-204572-3
Dustin,73,72-807565-167189-6
Kelsi,51,10-575730-061891-4
Summer,31,92-354197-713620-6
Suzanne,72,05-329111-463280-6
Murray,34,13-050345-231703-1
Frank,34,31-977680-833207-7
Kamryn,70,35-932718-365198-7
Janick,33,63-749737-063782-8
Katrina,29,80-823059-498857-5
Ambrose,31,95-535411-026016-9
Erling,45,20-717251-054643-3
Krystal,61,19-263535-674834-4
Gilbert,51,58-276366-443696-0
Malvina,58,04-132086-616862-1
Paxton,30,83-051629-603536-4
Adrienne,36,79-441911-719434-2
Adela,72,75-903227-665680-4
Skylar,25,74-382721-856438-1
Luella,43,93-622504-775639-2
Zachary,79,11-726330-530360-8
Dillon,41,63-754715-641868-4
Bennie,21,13-653921-770091-7
Katlynn,56,59-058494-941432-9
Winona,72,87-739545-608321-5
Gail,39,19-356237-030527-4
Elody,49,63-017859-366092-3
Matteo,69,02-529885-064743-0
Justyn,77,36-695496-793245-6
Luz,69,95-721006-643100-6
Giovani,57,67-808520-333593-2
Myrtis,39,29-687037-103552-7
Lizzie,20,69-925169-074987-9
Maia,35,90-256093-897122-5
Anabelle,33,23-761621-705164-6
Adolf,56,45-201782-066215-0
Regan,31,65-761502-446230-2
Aiden,64,08-220123-787384-4
Josianne,24,37-595559-301699-3
Frank,20,08-534331-185096-2
Forrest,26,84-938511-260076-2
Monroe,26,24-022866-709378-2
Rico,50,00-983567-018026-4
Lola,60,44-980310-132400-8
Selina,71,74-933276-548184-4
Sven,77,76-915137-512883-4
Sheldon,34,16-851977-046147-0
Milan,29,44-013352-889446-9
Julianne,65,87-264317-189299-7
Alysa,59,47-650427-465076-7
Kyla,73,69-623366-191510-4
Sabina,69,95-213981-048831-6
Sydney,80,15-613866-813701-1
Edyth,70,85-964515-487647-2
Noemi,23,09-300440-149922-3
Clement,50,21-235455-115446-6
Alanis,69,62-307730-140176-1
Kayla,40,97-737669-423601-2
Fritz,27,30-444446-026892-6
Creola,38,60-585632-405402-6
Noel,68,10-355698-787783-1
Alayna,47,18-115470-570265-8
Jamison,71,34-360790-658894-0
Aliza,59,42-047584-159230-2
Melany,57,25-428309-305910-8
Amani,18,13-460624-183927-6
Julia,25,54-328622-956443-9
Amina,78,02-322523-870464-3
Ashleigh,48,91-352185-732708-5
Audra,62,23-859923-845324-0
Ernesto,51,29-892025-951666-4
Meta,45,77-692396-201264-2
Esmeralda,42,08-641357-837186-8
Lloyd,22,87-230717-673860-1
Alfredo,65,54-099773-149777-6
Wilton,79,93-042146-577688-1
Rowan,50,01-305476-818797-5
Leann,21,30-514527-294141-5
Ruby,79,06-362856-354924-7
Montana,32,15-735777-026504-4
Dakota,41,43-781218-933198-7
Mohammed,74,00-973945-686288-1
Zackery,54,91-889715-960837-1
Myrl,71,24-386179-789220-7
Lucy,19,78-145701-377595-9
Maryjane,61,21-018297-378649-6
Nina,76,05-702700-830684-2
Brain,18,38-080734-848789-1
Jasper,67,70-177272-898683-3
Sandrine,31,18-800386-260219-8
Pascale,51,57-761298-092960-3
Felipe,73,58-408473-594549-3
Reva,58,92-033994-841022-9
Jeanette,28,71-188324-741572-1
Alysson,60,72-655644-830604-7
Melody,30,61-794693-546115-1
Furman,52,43-021874-114032-9
Geo,69,56-483764-159435-6
Devin,36,21-733197-025738-0
Ayana,68,24-589901-552309-5
Madalyn,23,28-163230-014857-4
Mariam,72,81-438136-429010-6
Gideon,67,26-369869-146756-0
Ari,28,87-316939-374568-9
Madge,48,58-495601-244779-0
Nestor,18,43-281316-608151-7
Roger,41,16-099106-940470-1
Roslyn,50,21-682676-724855-0
Damon,51,58-382468-409178-6
Madyson,53,18-387733-320018-6
Naomie,70,32-530836-364209-6
Dandre,69,76-834854-588382-4
Porter,67,42-023224-516784-7
Broderick,43,64-244828-819741-6
Noble,69,68-760582-826245-7
Vern,32,36-551999-514954-7
Josiane,61,91-110544-452762-1
Amely,68,70-617881-352984-0
Reva,57,68-128139-348974-7
Malika,51,18-757713-456732-2
Justen,58,06-586271-889198-4
Maynard,80,98-359498-241750-6
Sydni,36,64-626159-213218-5
Rowena,79,91-212358-064619-5
Theodora,36,45-122376-588046-5
Hillard,35,50-517263-324611-8
Reina,78,38-884023-494650-8
Joe,19,84-792918-640626-7
Haleigh,28,09-454757-610478-7
Jadon,29,73-460688-399859-0
Fletcher,65,21-402512-965976-8
Jerrod,23,53-733764-196423-2
Damien,71,89-634911-013480-4
Annette,54,19-034578-804212-4
Osbaldo,70,18-118919-624986-8
Easter,75,46-772009-270623-2
Johnny,42,86-102281-122160-7
Veronica,38,51-433534-050413-2
Ashley,19,63-662328-672638-6
Lula,70,71-703822-352464-0
Madie,35,84-671620-772555-6
Mikel,44,04-515171-854485-9
Napoleon,32,17-512165-181674-9
Damion,70,53-720142-122596-8
Julia,21,56-306870-790047-4
Conner,49,12-227412-822114-4
Bartholome,60,19-857541-273830-7
Karley,74,65-940848-858286-6
Estevan,24,94-738791-652461-1
Emmet,65,42-122040-797908-2
Elvera,20,49-866030-591370-9
Moshe,65,26-979656-258604-9
Karine,59,99-828404-851139-2
Lelia,31,74-645153-622109-0
Taylor,24,34-516256-909080-8
Isaiah,21,99-964595-627223-6
Domingo,67,41-593806-333956-8
Garry,36,64-373269-780837-7
Lura,36,67-962375-789565-0
Deangelo,80,53-487332-631806-5
Millie,58,08-280347-967185-9
Gianni,50,44-792291-013796-3
Susanna,68,75-814355-802220-0
Izaiah,71,91-692464-860800-2
Kendra,31,39-447506-468510-8
Krystina,23,32-804987-086780-3
Russel,33,64-728974-991971-6
Orville,60,66-362251-934181-1
Xzavier,18,96-985561-906733-9
Monica,62,92-984232-463748-0
Pasquale,51,33-238583-315950-6
Maria,40,99-156421-083279-2
Kelli,56,31-048216-360978-2
Markus,73,45-540984-670984-1
Hans,69,74-384290-674945-9
Kara,46,14-436414-479668-4
Paula,45,70-663543-523278-0
Sierra,40,86-056813-066787-1
Bill,58,75-898682-774145-9
Michale,29,82-206704-073199-9
Jaydon,40,80-282385-215983-4
Cristopher,22,72-281431-116686-3
Skylar,78,62-487407-385333-9
Ilene,24,86-271206-677092-3
Aric,33,90-861692-611446-9
Baylee,71,48-835005-151118-6
Newton,30,26-819961-350281-1
Newell,79,45-881252-505372-9
Novella,43,91-703322-437683-3
Estevan,18,43-229859-320630-1
Wilfredo,40,70-358606-605030-1
Aliya,20,67-912515-258277-6
Jared,33,23-880982-529344-0
Gennaro,76,79-624657-717887-1
Vella,31,61-217483-659997-0
Elvis,68,30-384639-504097-5
Green,53,30-478100-877720-1
Martina,53,41-650384-023180-8
Vernie,20,33-109941-665434-3
Shakira,55,81-165604-765114-4
Allan,72,00-260737-754191-7
Lamar,37,62-021014-291403-0
Jocelyn,46,97-966027-730621-1
Antonetta,26,79-596366-642358-5
Neoma,70,80-650463-775876-1
Irving,20,98-310819-854214-6
Emma,33,64-392152-763769-8
Mitchel,55,01-188601-712150-9
Lincoln,75,60-245448-379135-7
Madilyn,69,27-054503-674658-1
Ronaldo,68,50-477445-547583-1
Lottie,29,36-723852-007379-5
Carleton,25,41-180011-399601-7
Stephan,80,66-833007-978825-7
Tatum,37,42-436578-058997-9
Henry,54,42-612744-845893-2
Jodie,75,57-013424-622021-1
Makenzie,62,23-138847-450039-4
Zena,47,09-403003-679581-7
Scottie,23,60-512886-826966-1
Earnestine,80,38-206848-836224-0
Isom,21,07-823695-075638-4
Penelope,65,34-573690-921548-8
Dora,60,17-316962-735755-5
Verla,35,08-837874-141562-9
Zola,60,26-420402-107150-0
Ellsworth,25,87-449165-356203-7
Alden,47,87-416086-601712-7
Marvin,73,82-238938-196429-8
Alfonso,73,21-450213-429554-9
Aurore,24,25-933763-365606-5
Carter,19,53-882067-750495-5